<?xml version="1.0" encoding="UTF-8" standalone="yes"?>
<addon id="repository.lubesoxx" name="[COLOR hotpink][B]LubeSoxx[/COLOR][/B]" version="0.0.5" provider-name="[COLOR limegreen][I]LaffinAtcha[/COLOR][/I]">
	<extension point="xbmc.addon.repository" name="LubeSoxx Repository">
		<dir>
	  		<info compressed="false">https://raw.githubusercontent.com/teamuniversal/scrapers/master/_modules4all/zips/addons.xml</info>
	  		<checksum>https://raw.githubusercontent.com/teamuniversal/scrapers/master/_modules4all/zips/addons.xml.md5</checksum>
	  		<datadir zip="true">https://raw.githubusercontent.com/teamuniversal/scrapers/master/_modules4all/zips/</datadir>
		</dir>
		<dir>
			<info compressed="false">https://raw.githubusercontent.com/LaffinAtcha/repository.lubesoxx/master/zips/addons.xml</info>
			<checksum>https://raw.githubusercontent.com/LaffinAtcha/repository.lubesoxx/master/zips/addons.xml.md5</checksum>
			<datadir zip="true">https://raw.githubusercontent.com/LaffinAtcha/repository.lubesoxx/master/zips/</datadir>
		</dir>
		<dir>
			<info compressed="false">https://raw.githubusercontent.com/totalrevolution/python-koding/master/zips/addons.xml</info>
			<checksum>https://raw.githubusercontent.com/totalrevolution/python-koding/master/zips/addons.xml.md5</checksum>
			<datadir zip="true">https://raw.githubusercontent.com/totalrevolution/python-koding/master/zips/</datadir>
		</dir>
	</extension>
	<extension point="xbmc.addon.metadata">
		<summary lang="en">LubeSoxx Repo</summary>
		<description lang="en">LS Repo</description>
		<genre></genre>
	</extension>
</addon>